testme001@gmail.com,56687725Q,testuser1751618514704,screenshots/testCase0041751618528963.png
testme001@gmail.com,78256439C,testuser1751618962868,screenshots/testCase0041751618977904.png
testme001@gmail.com,24459194M,testuser1751619327064,screenshots/testCase004_1751619341699.png
testme003@gmail.com,05136401H,user751631668461,screenshots/testCase004_1751631679080.png
testme005@gmail.com,03249758L,user751643273629,screenshots/testCase004_1751643290322.png
testme006@gmail.com,92561233X,user751643483139,screenshots/testCase004_1751643500717.png
testme008@gmail.com,11090054Y,user751643551201,screenshots/testCase004_1751643566821.png
testme007@gmail.com,22303478X,user751643678267,screenshots/testCase004_1751643694926.png
testme009@gmail.com,00292204N,user751643703934,screenshots/testCase004_1751643716520.png
testme010@gmail.com,48542789R,user751643976415,screenshots/testCase004_1751643986560.png
testme011@gmail.com,45192145C,user751875110782,screenshots/testCase004_1751875134363.png
testme013@gmail.com,57310632Z,user754031227383,screenshots/testCase004_1754031252498.png
testme012@gmail.com,23311091Q,user756476110094,screenshots/testCase004_1756476127134.png
testme014@gmail.com,32000474E,user759476497961,screenshots/testCase004_1759476531788.png
